Baldwin, C	10103	SFEN	SSW 567	A
Baldwin, C	10103	SFEN	SSW 564	A-
Baldwin, C	10103	SFEN	SSW 687	B
Wyatt, X	10115	SFEN	SSW 567	A
Wyatt, X	10115	SFEN	SSW 564	B+
Wyatt, X	10115	SFEN	SSW 687	A
Forbes, I	10172	SFEN	SSW 555	A
Forbes, I	10172	SFEN	SSW 567	A-
Erickson, D	10175	SFEN	SSW 567	A
Erickson, D	10175	SFEN	SSW 564	A
Erickson, D	10175	SFEN	SSW 687	B-
Chapman, O	10183	SFEN	SSW 689	A
Cordova, I	11399	SYEN	SSW 540	B
Wright, U	11461	SYEN	SYS 800	A
Wright, U	11461	SYEN	SYS 750	A-
Wright, U	11461	SYEN	SYS 611	A
Kelly, P	11658	SYEN	SSW 540	F
Morton, A	11714	SYEN	SYS 611	A
Morton, A	11714	SYEN	SYS 645	C
Fuller, E	11788	SYEN	SSW 540	A
